Titulo,Descripcion,Disponibilidad,Precio,Imagen
Blazer Thos. Stuart,"Color Azul marino, talla L",in stock,150,"""fotosropa/Blazers/L/ThosS1.jpg,fotosropa/Blazers/L/ThosS2.jpg,fotosropa/Blazers/L/ThosS3.jpg"""
Blazer Kasper,"Color Café verdoso, talla S",in stock,130,"""fotosropa/Blazers/S/kasper1.jpg,fotosropa/Blazers/S/kasper2.jpg,fotosropa/Blazers/S/kasper3.jpg"""
Blazer Tempus,"Color Azul Petróleo, talla S",in stock,130,"""fotosropa/Blazers/S/temp1.jpg,fotosropa/Blazers/S/temp2.jpg,fotosropa/Blazers/S/temp3.jpg"""
Blazer Zara,"Color Negro, talla XL (Eur) Modelo petit",in stock,150,"""fotosropa/Blazers/XL/zara1.jpg,fotosropa/Blazers/XL/zara2.jpg,fotosropa/Blazers/XL/zara3.jpg"""
Blazer Mango,"Color Café oscuro, talla M",in stock,110,"""fotosropa/Blazers/M/mng1.jpg,fotosropa/Blazers/M/mng2.jpg,fotosropa/Blazers/M/mng3.jpg"""
Blazer Madelyne,"Color Azul marino, talla S",in stock,130,"""fotosropa/Blazers/S/made1.jpg,fotosropa/Blazers/S/made2.jpg,fotosropa/Blazers/S/made3.jpg"""
Blazer Demode,"Color Rojo, talla S",in stock,180,"""fotosropa/Blazers/S/dmdrj1.jpg,fotosropa/Blazers/S/dmdrj2.jpg,fotosropa/Blazers/S/dmdrj3.jpg"""
Blazer L'Image,"Color Celeste cielo, talla L",in stock,130,"""fotosropa/Blazers/L/Image1.jpg,fotosropa/Blazers/L/Image2.jpg,fotosropa/Blazers/L/Image3.jpg"""
Blazer Nastygal,"Color Gris oscuro, talla S",in stock,130,"""fotosropa/Blazers/S/nasty1.jpg,fotosropa/Blazers/S/nasty2.jpg"""
Blazer Cacharel,"Color Negro, talla XS",in stock,130,"""fotosropa/Blazers/XS/cacha1.jpg,fotosropa/Blazers/XS/cacha2.jpg,fotosropa/Blazers/XS/cacha3.jpg"""
Blusa Linda Mattheus,"Color Animal print plomo, talla S",in stock,90,"""fotosropa/Blusas/S/linda1.jpg,fotosropa/Blusas/S/linda2.jpg,fotosropa/Blusas/S/linda3.jpg"""
Blusa Hadi,"Color Celeste (seda), talla S",in stock,140,"""fotosropa/Blusas/S/hadi1.jpg,fotosropa/Blusas/S/hadi2.jpg,fotosropa/Blusas/S/hadi3.jpg"""
Blusa Zara,"Color Birth of venus, talla S",in stock,180,"""fotosropa/Blusas/S/zara1.jpg,fotosropa/Blusas/S/zara2.jpg,fotosropa/Blusas/S/zara3.jpg"""
Blusa Silver group,"Color Jean, talla L",in stock,120,"""fotosropa/Blusas/L/silver1.jpg,fotosropa/Blusas/L/silver2.jpg"""
Blusa Lydia USA,"Color Negro con dorado, talla S",in stock,100,"""fotosropa/Blusas/S/lydia1.jpg,fotosropa/Blusas/S/lydia2.jpg,fotosropa/Blusas/S/lydia3.jpg"""
Blusa H&M,"Color Blanco azul marino, talla M",in stock,80,"""fotosropa/Blusas/M/hym1.jpg,fotosropa/Blusas/M/hym2.jpg,fotosropa/Blusas/M/hym3.jpg"""
Blusa Old Navy,"Color Plomo rayas azules, talla M",in stock,80,"""fotosropa/Blusas/M/old1.jpg,fotosropa/Blusas/M/old2.jpg,fotosropa/Blusas/M/old3.jpg"""
Blusa Nastygal,"Color Negro, talla S",in stock,150,"""fotosropa/Blusas/S/nasty1.jpg,fotosropa/Blusas/S/nasty2.jpg,fotosropa/Blusas/S/nasty3.jpg"""
Blusa M. Fasis,"Color Plomo con hoja, talla S",in stock,80,"""fotosropa/Blusas/S/fasis1.jpg,fotosropa/Blusas/S/fasis2.jpg,fotosropa/Blusas/S/fasis3.jpg"""
Blusa Kasper,"Color Verde menta detalles, talla S",in stock,100,"""fotosropa/Blusas/S/kasper1.jpg,fotosropa/Blusas/S/kasper2.jpg,fotosropa/Blusas/S/kasper3.jpg"""
Blusa Forever 21,"Color Blanco, talla M",in stock,130,"""fotosropa/Blusas/M/forebl1.jpg,fotosropa/Blusas/M/forebl2.jpg,fotosropa/Blusas/M/forebl3.jpg,fotosropa/Blusas/M/forebl4.jpg"""
Blusa Coconut,"Color Negro jaspeado varios, talla M",in stock,130,"""fotosropa/Blusas/M/coco1.jpg,fotosropa/Blusas/M/coco2.jpg"""
Blusa H&M,"Color Verde oliva, talla S",in stock,90,"""fotosropa/Blusas/S/hym1.jpg,fotosropa/Blusas/S/hym2.jpg"""
Blusa Forever 21,"Color Patrones folk, talla L",in stock,100,"""fotosropa/Blusas/L/fore1.jpg,fotosropa/Blusas/L/fore2.jpg,fotosropa/Blusas/L/fore3.jpg"""
Blusa Forever 21,"Color Blanco y negro a rayas verticales, talla M",in stock,120,"""fotosropa/Blusas/M/forer1.jpg,fotosropa/Blusas/M/forer2.jpg,fotosropa/Blusas/M/forer3.jpg"""
Blusa Loft (Ann Taylor),"Color Floreado, talla M",in stock,100,"""fotosropa/Blusas/M/loft1.jpg,fotosropa/Blusas/M/loft2.jpg,fotosropa/Blusas/M/loft3.jpg"""
Blusa Worthington,"Color Blanco y negro a rayas , talla S",in stock,120,"""fotosropa/Blusas/S/worth1.jpg,fotosropa/Blusas/S/worth2.jpg,fotosropa/Blusas/S/worth3.jpg"""
Blusa Streetwear Society,"Color Blanco y negero a rayas, talla XS",in stock,100,"""fotosropa/Blusas/XS/ss1.jpg,fotosropa/Blusas/XS/ss2.jpg,fotosropa/Blusas/XS/ss3.jpg"""
Blusa UK2LA,"Color Negro y blanco , talla XS",in stock,100,"""fotosropa/Blusas/XS/uk1.jpg,fotosropa/Blusas/XS/uk2.jpg"""
Calza Even and odd,"Color Negro, talla S",in stock,150,"""fotosropa/PanCal/S/eyo1.jpg,fotosropa/PanCal/S/eyo2.jpg"""
Calza Even and odd,"Color Negro, talla S",in stock,150,"""fotosropa/PanCal/S/eyo1.jpg,fotosropa/PanCal/S/eyo2.jpg"""
Camisa S/M,"Color Beige a rayas, talla M",in stock,100,"""fotosropa/Blusas/M/beige1.jpg,fotosropa/Blusas/M/beige2.jpg,fotosropa/Blusas/M/beige3.jpg"""
Chamarra Bershka,"Color Negro, talla XS",in stock,180,"""fotosropa/Otros/XS/ber1.jpg,fotosropa/Otros/XS/ber2.jpg,fotosropa/Otros/XS/ber3.jpg"""
Chamarra Members only,"Color Beige, talla M",in stock,150,
Chompa Liz clayborne,"Color Crema con hojas, talla M",in stock,120,"""fotosropa/Chompas/M/liz1.jpg,fotosropa/Chompas/M/liz2.jpg,fotosropa/Chompas/M/liz3.jpg"""
Chompa S/M,"Color Vino, talla L",in stock,100,"""fotosropa/Chompas/L/vino1.jpg,fotosropa/Chompas/L/vino2.jpg"""
Chompa New York & Co.,"Color Blanca con rombos, talla M",in stock,120,"""fotosropa/Chompas/M/ny1.jpg,fotosropa/Chompas/M/ny2.jpg,fotosropa/Chompas/M/ny3.jpg"""
Chompa Express,"Color Rojo, talla S",in stock,80,"""fotosropa/Chompas/S/exp1.jpg,fotosropa/Chompas/S/exp2.jpg,fotosropa/Chompas/S/exp3.jpg"""
Chompa Polonesa,"Color Crema con rosa, talla L",in stock,150,"""fotosropa/Chompas/L/polo1.jpg,fotosropa/Chompas/L/polo2.jpg,fotosropa/Chompas/L/polo3.jpg"""
Chompa Gymboree,"Color Plomo, talla S",in stock,110,"""fotosropa/Chompas/S/gym1.jpg,fotosropa/Chompas/S/gym2.jpg,fotosropa/Chompas/S/gym3.jpg"""
Chompa Stradivarius,"Color Plomo, talla S",in stock,120,"""fotosropa/Chompas/S/str1.jpg,fotosropa/Chompas/S/str2.jpg,fotosropa/Chompas/S/str3.jpg"""
Falda S/M,"Color Negro, talla M",in stock,80,"""fotosropa/Chompas/M/neg1.jpg,fotosropa/Chompas/M/neg2.jpg"""
Falda Gerry Weber,"Color Negro con detalles, talla S (largo)",in stock,130,"""fotosropa/Chompas/S/gw1.jpg,fotosropa/Chompas/S/gw2.jpg,fotosropa/Chompas/S/gw3.jpg"""
Hoodie Ni Siquiera me Conoces,"Color Negro, talla S",in stock,120,"""fotosropa/Otros/S/nsmc1.jpg,fotosropa/Otros/S/nsmc2.jpg"""
Palatzo Liliana Castellanos (Auttore),"Color Verde oliva, talla L",in stock,180,"""fotosropa/VesPal/L/lc1.jpg,fotosropa/VesPal/L/lc2.jpg,fotosropa/VesPal/L/lc3.jpg"""
Palatzo Bershka,"Color Gris denim, talla M",in stock,130,"""fotosropa/VesPal/M/ber1.jpg,fotosropa/VesPal/M/ber2.jpg"""
Pantalon Mango,"Color Negro tipo cuero, talla Eur 32",in stock,150,"""fotosropa/PanCal/M/mng1.jpg,fotosropa/PanCal/M/mng2.jpg,fotosropa/PanCal/M/mng3.jpg"""
Pantalon Louis Feraud (Paris),"Color Cuero beige, talla S",in stock,150,"""fotosropa/PanCal/S/lf1.jpg,fotosropa/PanCal/S/lf2.jpg,fotosropa/PanCal/S/lf3.jpg"""
Pantalon Faded glory,"Color Jean oscuro, talla M",in stock,130,"""fotosropa/PanCal/M/fg1.jpg,fotosropa/PanCal/M/fg2.jpg,fotosropa/PanCal/M/fg3.jpg"""
Pantalon Guess,"Color Jean azul, talla S",in stock,130,"""fotosropa/PanCal/S/guess1.jpg,fotosropa/PanCal/S/guess2.jpg,fotosropa/PanCal/S/guess3.jpg"""
Short H&M,"Color Negro, talla S",in stock,80,"""fotosropa/FaldShor/S/hymn1.jpg,fotosropa/FaldShor/S/hymn2.jpg"""
Short H&M,"Color Jean plomo, talla S",in stock,90,"""fotosropa/FaldShor/Shymp1.jpg,fotosropa/FaldShor/Shymp2.jpg,fotosropa/FaldShor/Shymp3.jpg"""
Short Mudd,"Color Crema, talla M",in stock,80,"""fotosropa/FaldShor/M/mudd1.jpg,fotosropa/FaldShor/M/mudd2.jpg,fotosropa/FaldShor/M/mudd3.jpg"""
Sudadera Ni Siquiera me Conoces,"Color Rosa apagado, talla L",in stock,120,"""fotosropa/Otros/L/nsmc1.jpg,fotosropa/Otros/L/nsmc2.jpg,fotosropa/Otros/L/nsmc3.jpg"""
Vestido Made in Italy,"Color Lila flores, talla L",in stock,130,"""fotosropa/VesPal/L/madei1.jpg,fotosropa/VesPal/L/madei2.jpg,fotosropa/VesPal/L/madei3.jpg"""
Vestido Chen,"Color Café claro puntos blancos, talla L",in stock,150,"""fotosropa/VesPal/L/chen1.jpg,fotosropa/VesPal/L/chen2.jpg"""
Vestido Hwasak,"Color Plomo eléctrico, talla M",in stock,110,"""fotosropa/VesPal/M/hwasak1.jpg,fotosropa/VesPal/M/hwasak2.jpg,fotosropa/VesPal/M/hwasak3.jpg"""
Vestido M,"Color Azul con formas, talla M",in stock,130,"""fotosropa/VesPal/M/m1.jpg,fotosropa/VesPal/M/m2.jpg,fotosropa/VesPal/M/m3.jpg"""
Vestido Staring at stars,"Color Azul con tonos celestes, talla XS",in stock,110,"""fotosropa/VesPal/XS/staring1.jpg,fotosropa/VesPal/XS/staring2.jpg,fotosropa/VesPal/XS/staring3.jpg"""
Vestido LGKF SRL,"Color Crema, talla XS",in stock,120,"""fotosropa/VesPal/XS/lgfk1.jpg,fotosropa/VesPal/XS/lgfk2.jpg"""
Vestido Candy rain,"Color Negro detalles lentejuelas, talla M",in stock,120,"""fotosropa/VesPal/M/cr1.jpg,fotosropa/VesPal/M/cr2.jpg,fotosropa/VesPal/M/cr3.jpg"""
Vestido Charter club,"Color Negro detalles blancos, talla XL",in stock,150,"""fotosropa/VesPal/XL/charter1.jpg,fotosropa/VesPal/XL/charter2.jpg,fotosropa/VesPal/XL/charter3.jpg"""
Vestido Charlotte Russe,"Color Negro y beige, talla S",in stock,180,"""fotosropa/VesPal/S/charlo1.jpg,fotosropa/VesPal/S/charlo2.jpg,fotosropa/VesPal/S/charlo3.jpg,fotosropa/VesPal/S/charlo4.jpg"""
Vestido Forever 21,"Color Azul jean, talla S",in stock,120,"""fotosropa/VesPal/S/fore1.jpg,fotosropa/VesPal/S/fore2.jpg,fotosropa/VesPal/S/fore3.jpg,fotosropa/VesPal/S/fore4.jpg"""
Vestido Selfie leslie,"Color Verde eléctrico, talla S",in stock,180,"""fotosropa/VesPal/S/selfie1.jpg,fotosropa/VesPal/S/selfie2.jpg,fotosropa/VesPal/S/selfie3.jpg"""
Vestido Custom made,"Color Lila  , talla S",in stock,180,"""fotosropa/VesPal/S/custom1.jpg,fotosropa/VesPal/S/custom2.jpg"""
Vestido S/M,"Color negro, talla S",in stock,130,"""fotosropa/VesPal/S/lente1.jpg,fotosropa/VesPal/S/lente2.jpg,fotosropa/VesPal/S/lente3.jpg"""
Vestido Forever 21,"Color Tribal, talla M",in stock,130,"""fotosropa/VesPal/M/fore1.jpg,fotosropa/VesPal/M/fore2.jpg,fotosropa/VesPal/M/fore3.jpg"""
